src,alt
//www.facebook.com/tr?id=292850974235854&ev=PageView&noscript=1,
https://static.politifact.com/CACHE/images/murphy_mammoth_copy/754cd4c10c8c44093309068e3542c7a1.jpg,
https://static.politifact.com/CACHE/images/politifact/mugs/Elon_Musk/d50faad08cda7bbd7dd969afe5f2429f.jpeg,
https://static.politifact.com/CACHE/images/politifact/mugs/Elon_Musk/8df03bfbd751cfd40656bb49396945af.jpeg,
https://static.politifact.com/CACHE/images/politifact/rulings/meter-false/33efdb6633e5e2fdc2d4e2f63383a1e0.jpg.,false
https://static.politifact.com/politifact/rulings/meter-false.jpg,false
https://static.politifact.com/CACHE/images/politifact/mugs/768px-Instagram_logo_2016.svg/322c808c00e73c217d17772ddd5a0eb5.jpg,
https://static.politifact.com/CACHE/images/politifact/mugs/768px-Instagram_logo_2016.svg/8b142c91ebe468a84a192e6df2b7b994.jpg,
https://static.politifact.com/CACHE/images/politifact/rulings/meter-false/33efdb6633e5e2fdc2d4e2f63383a1e0.jpg.,false
https://static.politifact.com/politifact/rulings/meter-false.jpg,false
https://static.politifact.com/CACHE/images/politifact/mugs/AP_17226541257169/3609eadbe8c3d501d1f980e99b555a16.jpg,
https://static.politifact.com/CACHE/images/politifact/mugs/AP_17226541257169/7e827ec8db097f82f85c1187cadb5934.jpg,
https://static.politifact.com/CACHE/images/politifact/rulings/meter-mostly-false/6a6ef6075c162fdccf5eb960e683dcd1.jpg.,barely-true
https://static.politifact.com/politifact/rulings/meter-mostly-false.jpg,barely-true
https://static.politifact.com/CACHE/images/politifact/mugs/baldwin-new/e5f81dc43ebbfab7c9d9b56cfba2f398.jpg,
https://static.politifact.com/CACHE/images/politifact/mugs/baldwin-new/9fbc38bd9f4148c4e7374ecdd8d95da4.jpg,
https://static.politifact.com/CACHE/images/politifact/rulings/meter-true/3d4df195c595a07e3fd69b5e4aab3e3c.jpg.,true
https://static.politifact.com/politifact/rulings/meter-true.jpg,true
https://static.politifact.com/CACHE/images/politifact/mugs/AP_20213621526235/e70bd1143bd579f8ac726a6011f414eb.jpg,
https://static.politifact.com/CACHE/images/politifact/mugs/AP_20213621526235/73511740d87169c57086c003d8c2fa99.jpg,
https://static.politifact.com/CACHE/images/politifact/rulings/meter-false/33efdb6633e5e2fdc2d4e2f63383a1e0.jpg.,false
https://static.politifact.com/politifact/rulings/meter-false.jpg,false
https://static.politifact.com/CACHE/images/politifact/mugs/AP_22010661643993_copy/cf65329348ec524491545e9199d42bf6.jpg,
https://static.politifact.com/CACHE/images/politifact/mugs/AP_22010661643993_copy/0a8e4e53fe7b9f07fc2afc59aed99dfb.jpg,
https://static.politifact.com/CACHE/images/politifact/rulings/meter-false/33efdb6633e5e2fdc2d4e2f63383a1e0.jpg.,false
https://static.politifact.com/politifact/rulings/meter-false.jpg,false
https://static.politifact.com/CACHE/images/politifact/mugs/768px-Instagram_logo_2016.svg/322c808c00e73c217d17772ddd5a0eb5.jpg,
https://static.politifact.com/CACHE/images/politifact/mugs/768px-Instagram_logo_2016.svg/8b142c91ebe468a84a192e6df2b7b994.jpg,
https://static.politifact.com/CACHE/images/politifact/rulings/meter-false/33efdb6633e5e2fdc2d4e2f63383a1e0.jpg.,false
https://static.politifact.com/politifact/rulings/meter-false.jpg,false
https://static.politifact.com/CACHE/images/politifact/mugs/AP_19138732015030/f9e320998ea9ce260bbf19125f796d9a.jpg,
https://static.politifact.com/CACHE/images/politifact/mugs/AP_19138732015030/6498825a244d1bc9382c3c1786d870fd.jpg,
https://static.politifact.com/CACHE/images/politifact/rulings/meter-half-true/6479cbc723379f0ee49c269b0b9790b7.jpg.,half-true
https://static.politifact.com/politifact/rulings/meter-half-true.jpg,half-true
https://static.politifact.com/CACHE/images/politifact/mugs/768px-Instagram_logo_2016.svg/322c808c00e73c217d17772ddd5a0eb5.jpg,
https://static.politifact.com/CACHE/images/politifact/mugs/768px-Instagram_logo_2016.svg/8b142c91ebe468a84a192e6df2b7b994.jpg,
https://static.politifact.com/CACHE/images/politifact/rulings/tom_ruling_pof/47ae831c64f67823d0eecfa4a5d22765.jpg.,pants-fire
https://static.politifact.com/politifact/rulings/tom_ruling_pof.png,pants-fire
https://static.politifact.com/CACHE/images/politifact/mugs/Elon_Musk/d50faad08cda7bbd7dd969afe5f2429f.jpeg,
https://static.politifact.com/CACHE/images/politifact/mugs/Elon_Musk/8df03bfbd751cfd40656bb49396945af.jpeg,
https://static.politifact.com/CACHE/images/politifact/rulings/meter-false/33efdb6633e5e2fdc2d4e2f63383a1e0.jpg.,false
https://static.politifact.com/politifact/rulings/meter-false.jpg,false
https://static.politifact.com/CACHE/images/politifact/mugs/Facebook_Logo_2019/7ed0f7f43159fdda4e36555173e00d64.jpg,
https://static.politifact.com/CACHE/images/politifact/mugs/Facebook_Logo_2019/caa2aa7d5b5be4d8c1a06fa4f06aff45.jpg,
https://static.politifact.com/CACHE/images/politifact/spanish-rulings/tom_ruling_falso/7afe5367c2d46afca69ca3f17ae24296.jpg.,false
https://static.politifact.com/politifact/spanish-rulings/tom_ruling_falso.png,false
https://static.politifact.com/CACHE/images/politifact/mugs/768px-Instagram_logo_2016.svg/322c808c00e73c217d17772ddd5a0eb5.jpg,
https://static.politifact.com/CACHE/images/politifact/mugs/768px-Instagram_logo_2016.svg/8b142c91ebe468a84a192e6df2b7b994.jpg,
https://static.politifact.com/CACHE/images/politifact/rulings/meter-false/33efdb6633e5e2fdc2d4e2f63383a1e0.jpg.,false
https://static.politifact.com/politifact/rulings/meter-false.jpg,false
https://static.politifact.com/CACHE/images/politifact/mugs/AP_17226541257169/3609eadbe8c3d501d1f980e99b555a16.jpg,
https://static.politifact.com/CACHE/images/politifact/mugs/AP_17226541257169/7e827ec8db097f82f85c1187cadb5934.jpg,
https://static.politifact.com/CACHE/images/politifact/rulings/meter-mostly-false/6a6ef6075c162fdccf5eb960e683dcd1.jpg.,barely-true
https://static.politifact.com/politifact/rulings/meter-mostly-false.jpg,barely-true
https://static.politifact.com/CACHE/images/politifact/mugs/Facebook_Logo_2019/7ed0f7f43159fdda4e36555173e00d64.jpg,
https://static.politifact.com/CACHE/images/politifact/mugs/Facebook_Logo_2019/caa2aa7d5b5be4d8c1a06fa4f06aff45.jpg,
https://static.politifact.com/CACHE/images/politifact/rulings/tom_ruling_pof/47ae831c64f67823d0eecfa4a5d22765.jpg.,pants-fire
https://static.politifact.com/politifact/rulings/tom_ruling_pof.png,pants-fire
https://static.politifact.com/CACHE/images/politifact/mugs/Facebook_Logo_2019/7ed0f7f43159fdda4e36555173e00d64.jpg,
https://static.politifact.com/CACHE/images/politifact/mugs/Facebook_Logo_2019/caa2aa7d5b5be4d8c1a06fa4f06aff45.jpg,
https://static.politifact.com/CACHE/images/politifact/rulings/tom_ruling_pof/47ae831c64f67823d0eecfa4a5d22765.jpg.,pants-fire
https://static.politifact.com/politifact/rulings/tom_ruling_pof.png,pants-fire
https://static.politifact.com/CACHE/images/politifact/photos/Sen._Chris_Murphy_D-Conn._speaks_in_news_conference_in_Feb_2024/b8789be860714504648e38e6f746acf8.jpg,
https://static.politifact.com/CACHE/images/politifact/photos/Sen._Chris_Murphy_D-Conn._speaks_in_news_conference_in_Feb_2024/35fc34c7692b6a8bfc8fc4fca2f7be57.jpg,Sen. Chris Murphy said ‘the border never closes.’ What does that mean?
https://static.politifact.com/CACHE/images/politifact/photos/Sen._Chris_Murphy_D-Conn._speaks_in_news_conference_in_Feb_2024/35fc34c7692b6a8bfc8fc4fca2f7be57.jpg,Sen. Chris Murphy said ‘the border never closes.’ What does that mean?
https://static.politifact.com/CACHE/images/politifact/photos/Long_guns_on_display_in_Maine_store/3f4ab8a393ac74609bfcee688a53644a.jpg,
https://static.politifact.com/CACHE/images/politifact/photos/Long_guns_on_display_in_Maine_store/56b059f9f884b0cf867358536c138d5c.jpg,Ask PolitiFact: What does the data show on deadly shootings by 18-to-20-year-olds?
https://static.politifact.com/CACHE/images/politifact/photos/Long_guns_on_display_in_Maine_store/56b059f9f884b0cf867358536c138d5c.jpg,Ask PolitiFact: What does the data show on deadly shootings by 18-to-20-year-olds?
https://static.politifact.com/CACHE/images/politifact/photos/Taylor_Swift_performs_22The_Eras_Tour22_in_Los_Angeles_Aug._7_2023/27be9d4ef25580d6c48d1e3483e75768.jpeg,
https://static.politifact.com/CACHE/images/politifact/photos/Taylor_Swift_performs_22The_Eras_Tour22_in_Los_Angeles_Aug._7_2023/7fa739a2b6d8e106dda888db5b72a680.jpeg,"Taylor Swift: Singer, songwriter, psyop? How conservative pundits spread a wild theory"
https://static.politifact.com/CACHE/images/politifact/photos/Taylor_Swift_performs_22The_Eras_Tour22_in_Los_Angeles_Aug._7_2023/7fa739a2b6d8e106dda888db5b72a680.jpeg,"Taylor Swift: Singer, songwriter, psyop? How conservative pundits spread a wild theory"
https://static.politifact.com/CACHE/images/politifact/photos/AP24024825197576/9739e1fa1dca057813c88c19d19b4044.jpg,
https://static.politifact.com/CACHE/images/politifact/photos/AP24024825197576/99e7208b283256315ed579ca9067eee5.jpg,What could a Taylor Swift endorsement mean for voter turnout in the 2024 election?
https://static.politifact.com/CACHE/images/politifact/photos/AP24024825197576/99e7208b283256315ed579ca9067eee5.jpg,What could a Taylor Swift endorsement mean for voter turnout in the 2024 election?
https://static.politifact.com/CACHE/images/politifact/photos/AP23297773423612/47548256c86306b118f07bf0d523dada.jpg,
https://static.politifact.com/CACHE/images/politifact/photos/AP23297773423612/c2932e77c326cbbc7c31bfa198a3060b.jpg,Ask PolitiFact: Can Joe Biden ‘shut down the border’ on his own?
https://static.politifact.com/CACHE/images/politifact/photos/AP23297773423612/c2932e77c326cbbc7c31bfa198a3060b.jpg,Ask PolitiFact: Can Joe Biden ‘shut down the border’ on his own?
https://static.politifact.com/CACHE/images/politifact/photos/AP24010647757032_1/bb7c0a0c0c1438c3a320dba29871f84e.jpg,
https://static.politifact.com/CACHE/images/politifact/photos/AP24010647757032_1/f53b816039a4b767f19709b671ccf0f7.jpg,Explaining Ron DeSantis’ effort to call a convention of states and amend the US Constitution
https://static.politifact.com/CACHE/images/politifact/photos/AP24010647757032_1/f53b816039a4b767f19709b671ccf0f7.jpg,Explaining Ron DeSantis’ effort to call a convention of states and amend the US Constitution
https://static.politifact.com/CACHE/images/politifact/photos/trump_1000_thumbnail/94a9eb59e5f7f3d51e39e6af4a06bbbf.jpg,
https://static.politifact.com/CACHE/images/politifact/photos/trump_1000_thumbnail/db3937347dfc9e18585ced4e92ad839e.jpg,"What PolitiFact learned in 1,000 fact-checks of Donald Trump"
https://static.politifact.com/CACHE/images/politifact/photos/trump_1000_thumbnail/db3937347dfc9e18585ced4e92ad839e.jpg,"What PolitiFact learned in 1,000 fact-checks of Donald Trump"
https://static.politifact.com/CACHE/images/politifact/photos/AP24027859400676/88189848c9e4b917cf9dd0a3a15275e9.jpg,
https://static.politifact.com/CACHE/images/politifact/photos/AP24027859400676/bfc00ff0c6d65517b52e66c72a6f7062.jpg,These are PolitiFact's top 10 most-read fact-checks of Donald Trump
https://static.politifact.com/CACHE/images/politifact/photos/AP24027859400676/bfc00ff0c6d65517b52e66c72a6f7062.jpg,These are PolitiFact's top 10 most-read fact-checks of Donald Trump
https://static.politifact.com/CACHE/images/politifact/photos/covid_19_vaccines/fbca628ec415091a130beb550db56395.jpg,
https://static.politifact.com/CACHE/images/politifact/photos/covid_19_vaccines/b8c44f18ee9cd77117ab060707b05ac2.jpg,COVID-19 vaccines’ effect on thyroid conditions requires more study
https://static.politifact.com/CACHE/images/politifact/photos/covid_19_vaccines/b8c44f18ee9cd77117ab060707b05ac2.jpg,COVID-19 vaccines’ effect on thyroid conditions requires more study
https://static.politifact.com/CACHE/images/politifact/photos/razorwire1/c5436420286549badec304f428b93d7f.jpeg,
https://static.politifact.com/CACHE/images/politifact/photos/razorwire1/45752226b82a418f30beaa7dc5c3205e.jpeg,"Razor wire and a blocked Border Patrol. What’s going on in Eagle Pass, Texas?"
https://static.politifact.com/CACHE/images/politifact/photos/razorwire1/45752226b82a418f30beaa7dc5c3205e.jpeg,"Razor wire and a blocked Border Patrol. What’s going on in Eagle Pass, Texas?"
https://static.politifact.com/CACHE/images/politifact/mugs/AP_19138732015030/f9e320998ea9ce260bbf19125f796d9a.jpg,
https://static.politifact.com/CACHE/images/politifact/mugs/AP_19138732015030/6498825a244d1bc9382c3c1786d870fd.jpg,
https://static.politifact.com/CACHE/images/politifact/mugs/AP_19138732015030/f9e320998ea9ce260bbf19125f796d9a.jpg,
https://static.politifact.com/CACHE/images/politifact/mugs/AP_19138732015030/6498825a244d1bc9382c3c1786d870fd.jpg,
https://static.politifact.com/CACHE/images/politifact/mugs/AP_19138732015030/f9e320998ea9ce260bbf19125f796d9a.jpg,
https://static.politifact.com/CACHE/images/politifact/mugs/AP_19138732015030/6498825a244d1bc9382c3c1786d870fd.jpg,
https://static.politifact.com/CACHE/images/politifact/mugs/AP_19138732015030/f9e320998ea9ce260bbf19125f796d9a.jpg,
https://static.politifact.com/CACHE/images/politifact/mugs/AP_19138732015030/6498825a244d1bc9382c3c1786d870fd.jpg,
https://static.politifact.com/CACHE/images/politifact/mugs/AP_19138732015030/f9e320998ea9ce260bbf19125f796d9a.jpg,
https://static.politifact.com/CACHE/images/politifact/mugs/AP_19138732015030/6498825a244d1bc9382c3c1786d870fd.jpg,
https://static.politifact.com/CACHE/images/politifact/rulings/meter-false/33efdb6633e5e2fdc2d4e2f63383a1e0.jpg.,false
https://static.politifact.com/politifact/rulings/meter-false.jpg,false
https://static.politifact.com/CACHE/images/politifact/rulings/meter-false/33efdb6633e5e2fdc2d4e2f63383a1e0.jpg.,false
https://static.politifact.com/politifact/rulings/meter-false.jpg,false
https://static.politifact.com/CACHE/images/politifact/rulings/meter-mostly-false/6a6ef6075c162fdccf5eb960e683dcd1.jpg.,barely-true
https://static.politifact.com/politifact/rulings/meter-mostly-false.jpg,barely-true
https://static.politifact.com/CACHE/images/politifact/rulings/meter-true/3d4df195c595a07e3fd69b5e4aab3e3c.jpg.,true
https://static.politifact.com/politifact/rulings/meter-true.jpg,true
https://static.politifact.com/CACHE/images/politifact/rulings/meter-false/33efdb6633e5e2fdc2d4e2f63383a1e0.jpg.,false
https://static.politifact.com/politifact/rulings/meter-false.jpg,false
https://static.politifact.com/CACHE/images/politifact/mugs/AP_19138732015030/ac9362a6cf188ef35e318b73dbd46a04.jpg,
https://static.politifact.com/CACHE/images/politifact/mugs/AP_19138732015030/ac9362a6cf188ef35e318b73dbd46a04.jpg,
https://static.politifact.com/CACHE/images/politifact/mugs/305066915_107016768814077_4257912391860664572_n/1a57b1d4d36a699e349d44b2fdb133dc.jpg,
https://static.politifact.com/CACHE/images/politifact/mugs/305066915_107016768814077_4257912391860664572_n/1a57b1d4d36a699e349d44b2fdb133dc.jpg,
https://static.politifact.com/CACHE/images/politifact/mugs/AP_16147786370702/f29525b6843975d9045803cc41a36f68.jpg,
https://static.politifact.com/CACHE/images/politifact/mugs/AP_16147786370702/f29525b6843975d9045803cc41a36f68.jpg,
https://static.politifact.com/CACHE/images/politifact/mugs/AP23062757631187/9275cf0bac18ef9507fc17623dd54b4b.jpg,
https://static.politifact.com/CACHE/images/politifact/mugs/AP23062757631187/9275cf0bac18ef9507fc17623dd54b4b.jpg,
https://static.politifact.com/CACHE/images/politifact/mugs/AP_17226541257169/da40baf0ed859a5702e5749eca5160ca.jpg,
https://static.politifact.com/CACHE/images/politifact/mugs/AP_17226541257169/da40baf0ed859a5702e5749eca5160ca.jpg,
https://static.politifact.com/politifact/curation/sources/reuters_1.jpg,
https://static.politifact.com/politifact/curation/sources/reuters_1.jpg,
https://static.politifact.com/politifact/curation/sources/wapo-fc_1.jpg,
https://static.politifact.com/politifact/curation/sources/wapo-fc_1.jpg,
https://static.politifact.com/politifact/curation/sources/wapo-fc_1.jpg,
https://static.politifact.com/politifact/curation/sources/wapo-fc_1.jpg,
https://static.politifact.com/politifact/curation/sources/nyt_1.jpg,
https://static.politifact.com/politifact/curation/sources/nyt_1.jpg,
https://static.politifact.com/politifact/curation/sources/new_usa_today_logo.jpg,
https://static.politifact.com/politifact/curation/sources/new_usa_today_logo.jpg,
https://static.politifact.com/img/logo-footer.png,
